CWE-ID,Name,Description,Extended Description,Alternate Terms,Common Consequences
1209,Failure to Disable Reserved Bits,"The reserved bits in a hardware design are not disabled prior to production. Typically, reserved bits are used for future capabilities and should not support any functional logic in the design. However, designers might covertly use these bits to debug or further develop new capabilities in production hardware. Adversaries with access to these bits will write to them in hopes of compromising hardware state.","Reserved bits are labeled as such so they can be allocated for a later purpose. They are not to do anything in the current design. However, designers might want to use these bits to debug or control/configure a future capability to help minimize time to market (TTM). If the logic being controlled by these bits is still enabled in production, an adversary could use the logic to induce unwanted/unsupported behavior in the hardware.",,::SCOPE:Confidentiality:SCOPE:Integrity:SCOPE:Availability:SCOPE:Access Control:SCOPE:Accountability:SCOPE:Authentication:SCOPE:Authorization:SCOPE:Non-Repudiation:IMPACT:Varies by Context:NOTE:This type of weakness all depends on the capabilities of the logic being controlled or configured by the reserved bits.::
1220,Insufficient Granularity of Access Control,"The product implements access controls via a policy or other feature with the intention to disable or restrict accesses (reads and/or writes) to assets in a system from untrusted agents. However, implemented access controls lack required granularity, which renders the control policy too broad because it allows accesses from unauthorized agents to the security-sensitive assets.","Integrated circuits and hardware engines can expose accesses to assets (device configuration, keys, etc.) to trusted firmware or a software module (commonly set by BIOS/bootloader). This access is typically access-controlled. Upon a power reset, the hardware or system usually starts with default values in registers, and the trusted firmware (Boot firmware) configures the necessary access-control protection. A common weakness that can exist in such protection schemes is that access controls or policies are not granular enough. This condition allows agents beyond trusted agents to access assets and could lead to a loss of functionality or the ability to set up the device securely. This further results in security risks from leaked, sensitive, key material to modification of device configuration.",,::SCOPE:Confidentiality:SCOPE:Integrity:SCOPE:Availability:SCOPE:Access Control:IMPACT:Modify Memory:IMPACT:Read Memory:IMPACT:Execute Unauthorized Code or Commands:IMPACT:Gain Privileges or Assume Identity:IMPACT:Bypass Protection Mechanism:IMPACT:Other:LIKELIHOOD:High::
1221,Incorrect Register Defaults or Module Parameters,Hardware description language code incorrectly defines register defaults or hardware Intellectual Property (IP) parameters to insecure values.,"Integrated circuits and hardware IP software programmable controls and settings are commonly stored in register circuits. These register contents have to be initialized at hardware reset to defined default values that are hard coded in the hardware description language (HDL) code of the hardware unit. Hardware descriptive languages also support definition of parameter variables, which can be defined in code during instantiation of the hardware IP module. Such parameters are generally used to configure a specific instance of a hardware IP in the design. The system security settings of a hardware design can be affected by incorrectly defined default values or IP parameters. The hardware IP would be in an insecure state at power reset, and this can be exposed or exploited by untrusted software running on the system. Both register defaults and parameters are hardcoded values, which cannot be changed using software or firmware patches but must be changed in hardware silicon. Thus, such security issues are considerably more difficult to address later in the lifecycle. Hardware designs can have a large number of such parameters and register defaults settings, and it is important to have design tool support to check these settings in an automated way and be able to identify which settings are security sensitive.",,"::SCOPE:Confidentiality:SCOPE:Integrity:SCOPE:Availability:SCOPE:Access Control:IMPACT:Varies by Context:NOTE:Degradation of system functionality, or loss of access control enforcement can occur.::"
1224,Improper Restriction of Write-Once Bit Fields,"The hardware design control register sticky bits or write-once bit fields are improperly implemented, such that they can be reprogrammed by software.","Integrated circuits and hardware IP software programmable controls and settings are commonly stored in register circuits. These register contents have to be initialized at hardware reset to define default values that are hard coded in the hardware description language (HDL) code of the hardware unit. A common security protection method used to protect register settings from modification by software is to make the settings write-once or sticky. This allows writing to such registers only once, whereupon they become read-only. This is useful to allow initial boot software to configure systems settings to secure values while blocking runtime software from modifying such hardware settings. Failure to implement write-once restrictions in hardware design can expose such registers to being re-programmed by software and written multiple times. For example, write-once fields could be implemented to only be write-protected if they have been set to value 1, wherein they would work as write-1-once and not write-once.",,::SCOPE:Confidentiality:SCOPE:Integrity:SCOPE:Availability:SCOPE:Access Control:IMPACT:Varies by Context:NOTE:System configuration cannot be programmed in a secure way.::
1242,Inclusion of Undocumented Features or Chicken Bits,The device includes chicken bits or undocumented features that can create entry points for unauthorized actors.,"A common design practice is to use undocumented bits on a device that can be used to disable certain functional security features. These bits are commonly referred to as chicken bits. They can facilitate quick identification and isolation of faulty components, features that negatively affect performance, or features that do not provide the required controllability for debug and test. Another way to achieve this is through implementation of undocumented features. An attacker might exploit these interfaces for unauthorized access.",,::SCOPE:Confidentiality:SCOPE:Integrity:SCOPE:Availability:SCOPE:Access Control:IMPACT:Modify Memory:IMPACT:Read Memory:IMPACT:Execute Unauthorized Code or Commands:IMPACT:Gain Privileges or Assume Identity:IMPACT:Bypass Protection Mechanism::
1245,Improper Finite State Machines (FSMs) in Hardware Logic,"Faulty finite state machines (FSMs) in the hardware logic allow an attacker to put the system in an undefined state, to cause a denial of service (DoS) or gain privileges on the victim's system.","The functionality and security of the system heavily depend on the implementation of FSMs. FSMs can be used to indicate the current security state of the system. Lots of secure data operations and data transfers rely on the state reported by the FSM. Faulty FSM designs that do not account for all states, either through undefined states (left as don't cares) or through incorrect implementation, might lead an attacker to drive the system into an unstable state from which the system cannot recover without a reset, thus causing a DoS. Depending on what the FSM is used for, an attacker might also gain additional privileges to launch further attacks and compromise the security guarantees.",,"::SCOPE:Availability:SCOPE:Access Control:IMPACT:Unexpected State:IMPACT:DoS: Crash, Exit, or Restart:IMPACT:DoS: Instability:IMPACT:Gain Privileges or Assume Identity::"
1246,Improper Write Handling in Limited-write Non-Volatile Memories,The product does not implement or incorrectly implements wear leveling operations in limited-write non-volatile memories.,"Non-volatile memories such as NAND Flash, EEPROM, etc. have individually erasable segments, each of which can be put through a limited number of program/erase or write cycles. For example, the device can only endure a limited number of writes, after which the device becomes unreliable. In order to wear out the cells in a uniform manner, non-volatile memory and storage products based on the above-mentioned technologies implement a technique called wear leveling. Once a set threshold is reached, wear leveling maps writes of a logical block to a different physical block. This prevents a single physical block from prematurely failing due to a high concentration of writes. If wear leveling is improperly implemented, attackers may be able to programmatically cause the storage to become unreliable within a much shorter time than would normally be expected.",,::SCOPE:Availability:IMPACT:DoS: Instability::
1247,Improper Protection Against Voltage and Clock Glitches,The device does not contain or contains incorrectly implemented circuitry or sensors to detect and mitigate voltage and clock glitches and protect sensitive information or software contained on the device.,"A device might support features such as secure boot which are supplemented with hardware and firmware support. This involves establishing a chain of trust, starting with an immutable root of trust by checking the signature of the next stage (culminating with the OS and runtime software) against a golden value before transferring control. The intermediate stages typically set up the system in a secure state by configuring several access control settings. Similarly, security logic for exercising a debug or testing interface may be implemented in hardware, firmware, or both. A device needs to guard against fault attacks such as voltage glitches and clock glitches that an attacker may employ in an attempt to compromise the system.",,::SCOPE:Confidentiality:SCOPE:Integrity:SCOPE:Availability:SCOPE:Access Control:IMPACT:Gain Privileges or Assume Identity:IMPACT:Bypass Protection Mechanism:IMPACT:Read Memory:IMPACT:Modify Memory:IMPACT:Execute Unauthorized Code or Commands::
1248,Semiconductor Defects in Hardware Logic with Security-Sensitive Implications,The security-sensitive hardware module contains semiconductor defects.,"A semiconductor device can fail for various reasons. While some are manufacturing and packaging defects, the rest are due to prolonged use or usage under extreme conditions. Some mechanisms that lead to semiconductor defects include encapsulation failure, die-attach failure, wire-bond failure, bulk-silicon defects, oxide-layer faults, aluminum-metal faults (including electromigration, corrosion of aluminum, etc.), and thermal/electrical stress. These defects manifest as faults on chip-internal signals or registers, have the effect of inputs, outputs, or intermediate signals being always 0 or always 1, and do not switch as expected. If such faults occur in security-sensitive hardware modules, the security objectives of the hardware module may be compromised.",,::SCOPE:Availability:SCOPE:Access Control:IMPACT:DoS: Instability::
1251,Mirrored Regions with Different Values,The product's architecture mirrors regions without ensuring that their contents always stay in sync.,"Having mirrored regions with different values might result in the exposure of sensitive information or possibly system compromise. In the interest of increased performance, one might need to duplicate a resource. A cache memory is a common example of this concept, which keeps a local copy of a data element in the high speed cache memory. Unfortunately, this speed improvement comes with a downside, since the product needs to ensure that the local copy always mirrors the original copy truthfully. If they get out of sync, the computational result is no longer true. During hardware design, memory is not the only item which gets mirrored. There are many other entities that get mirrored, as well: registers, memory regions, and, in some cases, even whole computational units. For example, within a multi-core processor, if all memory accesses for each and every core goes through a single Memory-Management Unit (MMU) then the MMU will become a performance bottleneck. In such cases, duplicating local MMUs that will serve only a subset of the cores rather than all of them may resolve the performance issue. These local copies are also called shadow copies or mirrored copies. If the original resource never changed, local duplicate copies getting out of sync would never be an issue. However, the values of the original copy will sometimes change. When the original copy changes, the mirrored copies must also change, and change fast. This situation of shadow-copy-possibly-out-of-sync-with-original-copy might occur as a result of multiple scenarios, including the following: After the values in the original copy change, due to some reason the original copy does not send the update request to its shadow copies. After the values in the original copy change, the original copy dutifully sends the update request to its shadow copies, but due to some reason the shadow copy does not execute this update request. After the values in the original copy change, the original copy sends the update request to its shadow copies, and the shadow copy executes this update request faithfully. However, during the small time period when the original copy has new values and the shadow copy is still holding the old values, an attacker can exploit the old values. Then it becomes a race condition between the attacker and the update process of who can reach the target, shadow copy first, and, if the attacker reaches first, the attacker wins. The attacker might send a spoofed update request to the target shadow copy, pretending that this update request is coming from the original copy. This spoofed request might cause the targeted shadow copy to update its values to some attacker-friendly values, while the original copies remain unchanged by the attacker. Suppose a situation where the original copy has a system of reverting back to its original value if it does not hear back from all the shadow copies that such copies have successfully completed the update request. In such a case, an attack might occur as follows: (1) the original copy might send an update request; (2) the shadow copy updates it; (3) the shadow copy sends back the successful completion message; (4) through a separate issue, the attacker is able to intercept the shadow copy's completion message. In this case, the original copy thinks that the update did not succeed, hence it reverts to its original value. Now there is a situation where the original copy has the old value, and the shadow copy has the new value.",,::SCOPE:Confidentiality:SCOPE:Integrity:SCOPE:Availability:SCOPE:Access Control:SCOPE:Accountability:SCOPE:Authentication:SCOPE:Authorization:SCOPE:Non-Repudiation:IMPACT:Varies by Context::
1253,Incorrect Selection of Fuse Values,The logic level used to set a system to a secure state relies on a fuse being unblown. An attacker can set the system to an insecure state merely by blowing the fuse.,"Fuses are often used to store secret data, including security configuration data. When not blown, a fuse is considered to store a logic 0, and, when blown, it indicates a logic 1. Fuses are generally considered to be one-directional, i.e., once blown to logic 1, it cannot be reset to logic 0. However, if the logic used to determine system-security state (by leveraging the values sensed from the fuses) uses negative logic, an attacker might blow the fuse and drive the system to an insecure state.",,"::SCOPE:Access Control:SCOPE:Authorization:IMPACT:Bypass Protection Mechanism:IMPACT:Gain Privileges or Assume Identity::SCOPE:Availability:IMPACT:DoS: Crash, Exit, or Restart::SCOPE:Confidentiality:IMPACT:Read Memory::SCOPE:Integrity:IMPACT:Modify Memory:IMPACT:Execute Unauthorized Code or Commands::"
1255,Comparison Logic is Vulnerable to Power Side-Channel Attacks,A device's real time power consumption may be monitored during security token evaluation and the information gleaned may be used to determine the value of the reference token.,"The power consumed by a device may be instrumented and monitored in real time. If the algorithm for evaluating security tokens is not sufficiently robust, the power consumption may vary by token entry comparison against the reference value. Further, if retries are unlimited, the power difference between a good entry and a bad entry may be observed and used to determine whether each entry itself is correct thereby allowing unauthorized parties to calculate the reference value.",,"::SCOPE:Confidentiality:SCOPE:Integrity:SCOPE:Availability:SCOPE:Access Control:SCOPE:Accountability:SCOPE:Authentication:SCOPE:Authorization:SCOPE:Non-Repudiation:IMPACT:Modify Memory:IMPACT:Read Memory:IMPACT:Read Files or Directories:IMPACT:Modify Files or Directories:IMPACT:Execute Unauthorized Code or Commands:IMPACT:Gain Privileges or Assume Identity:IMPACT:Bypass Protection Mechanism:IMPACT:Read Application Data:IMPACT:Modify Application Data:IMPACT:Hide Activities:NOTE:As compromising a security token may result in complete system control, the impacts are relatively universal.::"
1257,Improper Access Control Applied to Mirrored or Aliased Memory Regions,Aliased or mirrored memory regions in hardware designs may have inconsistent read/write permissions enforced by the hardware. A possible result is that an untrusted agent is blocked from accessing a memory region but is not blocked from accessing the corresponding aliased memory region.,"Hardware product designs often need to implement memory protection features that enable privileged software to define isolated memory regions and access control (read/write) policies. Isolated memory regions can be defined on different memory spaces in a design (e.g. system physical address, virtual address, memory mapped IO). Each memory cell should be mapped and assigned a system address that the core software can use to read/write to that memory. It is possible to map the same memory cell to multiple system addresses such that read/write to any of the aliased system addresses would be decoded to the same memory cell. This is commonly done in hardware designs for redundancy and simplifying address decoding logic. If one of the memory regions is corrupted or faulty, then that hardware can switch to using the data in the mirrored memory region. Memory aliases can also be created in the system address map if the address decoder unit ignores higher order address bits when mapping a smaller address region into the full system address. A common security weakness that can exist in such memory mapping is that aliased memory regions could have different read/write access protections enforced by the hardware such that an untrusted agent is blocked from accessing a memory address but is not blocked from accessing the corresponding aliased memory address. Such inconsistency can then be used to bypass the access protection of the primary memory block and read or modify the protected memory. An untrusted agent could also possibly create memory aliases in the system address map for malicious purposes if it is able to change the mapping of an address region or modify memory region sizes.",,::SCOPE:Confidentiality:IMPACT:Read Memory:LIKELIHOOD:High::SCOPE:Integrity:IMPACT:Modify Memory:LIKELIHOOD:High::SCOPE:Availability:IMPACT:DoS: Instability:LIKELIHOOD:High::
1259,Improper Restriction of Security Token Assignment,"The System-On-A-Chip (SoC) implements a Security Token mechanism to differentiate what actions are allowed or disallowed when a transaction originates from an entity. However, the Security Tokens are improperly protected.","Systems-On-A-Chip (Integrated circuits and hardware engines) implement Security Tokens to differentiate and identify which actions originated from which agent. These actions may be one of the directives: 'read', 'write', 'program', 'reset', 'fetch', 'compute', etc. Security Tokens are assigned to every agent in the System that is capable of generating an action or receiving an action from another agent. Multiple Security Tokens may be assigned to an agent and may be unique based on the agent's trust level or allowed privileges. Since the Security Tokens are integral for the maintenance of security in an SoC, they need to be protected properly. A common weakness afflicting Security Tokens is improperly restricting the assignment to trusted components. Consequently, an improperly protected Security Token may be able to be programmed by a malicious agent (i.e., the Security Token is mutable) to spoof the action as if it originated from a trusted agent.",,"::SCOPE:Confidentiality:SCOPE:Integrity:SCOPE:Availability:SCOPE:Access Control:IMPACT:Modify Files or Directories:IMPACT:Execute Unauthorized Code or Commands:IMPACT:Bypass Protection Mechanism:IMPACT:Gain Privileges or Assume Identity:IMPACT:Modify Memory:IMPACT:Modify Memory:IMPACT:DoS: Crash, Exit, or Restart:LIKELIHOOD:High::"
1260,Improper Handling of Overlap Between Protected Memory Ranges,"The product allows address regions to overlap, which can result in the bypassing of intended memory protection.","Isolated memory regions and access control (read/write) policies are used by hardware to protect privileged software. Software components are often allowed to change or remap memory region definitions in order to enable flexible and dynamically changeable memory management by system software. If a software component running at lower privilege can program a memory address region to overlap with other memory regions used by software running at higher privilege, privilege escalation may be available to attackers. The memory protection unit (MPU) logic can incorrectly handle such an address overlap and allow the lower-privilege software to read or write into the protected memory region, resulting in privilege escalation attack. An address overlap weakness can also be used to launch a denial of service attack on the higher-privilege software memory regions.",,::SCOPE:Confidentiality:SCOPE:Integrity:SCOPE:Availability:IMPACT:Modify Memory:IMPACT:Read Memory:IMPACT:DoS: Instability:LIKELIHOOD:High::
1261,Improper Handling of Single Event Upsets,The hardware logic does not effectively handle when single-event upsets (SEUs) occur.,"Technology trends such as CMOS-transistor down-sizing, use of new materials, and system-on-chip architectures continue to increase the sensitivity of systems to soft errors. These errors are random, and their causes might be internal (e.g., interconnect coupling) or external (e.g., cosmic radiation). These soft errors are not permanent in nature and cause temporary bit flips known as single-event upsets (SEUs). SEUs are induced errors in circuits caused when charged particles lose energy by ionizing the medium through which they pass, leaving behind a wake of electron-hole pairs that cause temporary failures. If these failures occur in security-sensitive modules in a chip, it might compromise the security guarantees of the chip. For instance, these temporary failures could be bit flips that change the privilege of a regular user to root.",,"::SCOPE:Availability:SCOPE:Access Control:IMPACT:DoS: Crash, Exit, or Restart:IMPACT:DoS: Instability:IMPACT:Gain Privileges or Assume Identity:IMPACT:Bypass Protection Mechanism::"
1267,Policy Uses Obsolete Encoding,The product uses an obsolete encoding mechanism to implement access controls.,"Within a System-On-a-Chip (SoC), various circuits and hardware engines generate transactions for the purpose of accessing (read/write) assets or performing various actions (e.g., reset, fetch, compute, etc.). Among various types of message information, a typical transaction is comprised of source identity (identifying the originator of the transaction) and a destination identity (routing the transaction to the respective entity). Sometimes the transactions are qualified with a Security Token. This Security Token helps the destination agent decide on the set of allowed actions (e.g., access to an asset for reads and writes). A policy encoder is used to map the bus transactions to Security Tokens that in turn are used as access-controls/protection mechanisms. A common weakness involves using an encoding which is no longer trusted, i.e., an obsolete encoding.",,::SCOPE:Confidentiality:SCOPE:Integrity:SCOPE:Availability:SCOPE:Access Control:IMPACT:Modify Memory:IMPACT:Read Memory:IMPACT:Modify Files or Directories:IMPACT:Read Files or Directories:IMPACT:DoS: Resource Consumption (Other):IMPACT:Execute Unauthorized Code or Commands:IMPACT:Gain Privileges or Assume Identity:IMPACT:Bypass Protection Mechanism:IMPACT:Reduce Reliability:LIKELIHOOD:High::
1268,Policy Privileges are not Assigned Consistently Between Control and Data Agents,The product's hardware-enforced access control for a particular resource improperly accounts for privilege discrepancies between control and write policies.,"Integrated circuits and hardware engines may provide access to resources (device-configuration, encryption keys, etc.) belonging to trusted firmware or software modules (commonly set by a BIOS or a bootloader). These accesses are typically controlled and limited by the hardware. Hardware design access control is sometimes implemented using a policy. A policy defines which entity or agent may or may not be allowed to perform an action. When a system implements multiple levels of policies, a control policy may allow direct access to a resource as well as changes to the policies themselves. Resources that include agents in their control policy but not in their write policy could unintentionally allow an untrusted agent to insert itself in the write policy register. Inclusion in the write policy register could allow a malicious or misbehaving agent write access to resources. This action could result in security compromises including leaked information, leaked encryption keys, or modification of device configuration.",,"::SCOPE:Confidentiality:SCOPE:Integrity:SCOPE:Availability:SCOPE:Access Control:IMPACT:Modify Memory:IMPACT:Read Memory:IMPACT:DoS: Crash, Exit, or Restart:IMPACT:Execute Unauthorized Code or Commands:IMPACT:Gain Privileges or Assume Identity:IMPACT:Bypass Protection Mechanism:IMPACT:Read Files or Directories:IMPACT:Reduce Reliability:LIKELIHOOD:High::"
1269,Product Released in Non-Release Configuration,The product released to market is released in pre-production or manufacturing configuration.,"Products in the pre-production or manufacturing stages are configured to have many debug hooks and debug capabilities, including but not limited to: Ability to override/bypass various cryptographic checks (including authentication, authorization, and integrity) Ability to read/write/modify/dump internal state (including registers and memory) Ability to change system configurations Ability to run hidden or private commands that are not allowed during production (as they expose IP). The above is by no means an exhaustive list, but it alludes to the greater capability and the greater state of vulnerability of a product during it's preproduction or manufacturing state. Complexity increases when multiple parties are involved in executing the tests before the final production version. For example, a chipmaker might fabricate a chip and run its own preproduction tests, following which the chip would be delivered to the Original Equipment Manufacturer (OEM), who would now run a second set of different preproduction tests on the same chip. Only after both of these sets of activities are complete, can the overall manufacturing phase be called complete and have the Manufacturing Complete fuse blown. However, if the OEM forgets to blow the Manufacturing Complete fuse, then the system remains in the manufacturing stage, rendering the system both exposed and vulnerable.",,::SCOPE:Confidentiality:SCOPE:Integrity:SCOPE:Availability:SCOPE:Access Control:SCOPE:Accountability:SCOPE:Authentication:SCOPE:Authorization:SCOPE:Non-Repudiation:IMPACT:Other:LIKELIHOOD:High::
1270,Generation of Incorrect Security Tokens,"The product implements a Security Token mechanism to differentiate what actions are allowed or disallowed when a transaction originates from an entity. However, the Security Tokens generated in the system are incorrect.","Systems-On-a-Chip (SoC) (Integrated circuits and hardware engines) implement Security Tokens to differentiate and identify actions originated from various agents. These actions could be read, write, program, reset, fetch, compute, etc. Security Tokens are generated and assigned to every agent on the SoC that is either capable of generating an action or receiving an action from another agent. Every agent could be assigned a unique, Security Token based on its trust level or privileges. Incorrectly generated Security Tokens could result in the same token used for multiple agents or multiple tokens being used for the same agent. This condition could result in a Denial-of-Service (DoS) or the execution of an action that in turn could result in privilege escalation or unintended access.",,"::SCOPE:Confidentiality:SCOPE:Integrity:SCOPE:Availability:SCOPE:Access Control:IMPACT:Modify Files or Directories:IMPACT:Execute Unauthorized Code or Commands:IMPACT:Bypass Protection Mechanism:IMPACT:Gain Privileges or Assume Identity:IMPACT:Read Memory:IMPACT:Modify Memory:IMPACT:DoS: Crash, Exit, or Restart:LIKELIHOOD:High::"
1272,Sensitive Information Uncleared Before Debug/Power State Transition,"The product performs a power or debug state transition, but it does not clear sensitive information that should no longer be accessible due to changes to information access restrictions.","A device or system frequently employs many power and sleep states during its normal operation (e.g., normal power, additional power, low power, hibernate, deep sleep, etc.). A device also may be operating within a debug condition. State transitions can happen from one power or debug state to another. If there is information available in the previous state which should not be available in the next state and is not properly removed before the transition into the next state, sensitive information may leak from the system.",,::SCOPE:Confidentiality:SCOPE:Integrity:SCOPE:Availability:SCOPE:Access Control:SCOPE:Accountability:SCOPE:Authentication:SCOPE:Authorization:SCOPE:Non-Repudiation:IMPACT:Read Memory:IMPACT:Read Application Data:LIKELIHOOD:High:NOTE:Sensitive information may be used to unlock additional capabilities of the device and take advantage of hidden functionalities which could be used to compromise device security.::
1273,Device Unlock Credential Sharing,The credentials necessary for unlocking a device are shared across multiple parties and may expose sensitive information.,"Unlocking a device often means activating certain unadvertised debug and manufacturer-specific capabilities of a device using sensitive credentials. Unlocking a device might be necessary for the purpose of troubleshooting device problems. For example, suppose a device contains the ability to dump the content of the full system memory by disabling the memory-protection mechanisms. Since this is a highly security-sensitive capability, this capability is locked in the production part. Unless the device gets unlocked by supplying the proper credentials, the debug capabilities are not available. For cases where the chip designer, chip manufacturer (fabricator), and manufacturing and assembly testers are all employed by the same company, the risk of compromise of the credentials is greatly reduced. However, the risk is greater when the chip designer is employed by one company, the chip manufacturer is employed by another company (a foundry), and the assemblers and testers are employed by yet a third company. Since these different companies will need to perform various tests on the device to verify correct device function, they all need to share the unlock key. Unfortunately, the level of secrecy and policy might be quite different at each company, greatly increasing the risk of sensitive credentials being compromised.",,"::SCOPE:Confidentiality:SCOPE:Integrity:SCOPE:Availability:SCOPE:Access Control:SCOPE:Accountability:SCOPE:Authentication:SCOPE:Authorization:SCOPE:Non-Repudiation:IMPACT:Modify Memory:IMPACT:Read Memory:IMPACT:Modify Files or Directories:IMPACT:Read Files or Directories:IMPACT:Modify Application Data:IMPACT:Execute Unauthorized Code or Commands:IMPACT:Gain Privileges or Assume Identity:IMPACT:Bypass Protection Mechanism:NOTE:Once unlock credentials are compromised, an attacker can use the credentials to unlock the device and gain unauthorized access to the hidden functionalities protected by those credentials.::"
1276,Hardware Child Block Incorrectly Connected to Parent System,Signals between a hardware IP and the parent system design are incorrectly connected causing security risks.,"Individual hardware IP must communicate with the parent system in order for the product to function correctly and as intended. If implemented incorrectly, while not causing any apparent functional issues, may cause security issues. For example, if the IP should only be reset by a system-wide hard reset, but instead the reset input is connected to a software-triggered debug mode reset (which is also asserted during a hard reset), integrity of data inside the IP can be violated.",,::SCOPE:Confidentiality:SCOPE:Integrity:SCOPE:Availability:IMPACT:Varies by Context::
1279,Cryptographic Operations are run Before Supporting Units are Ready,Performing cryptographic operations without ensuring that the supporting inputs are ready to supply valid data may compromise the cryptographic result.,"Many cryptographic hardware units depend upon other hardware units to supply information to them to produce a securely encrypted result. For example, a cryptographic unit that depends on an external random-number-generator (RNG) unit for entropy must wait until the RNG unit is producing random numbers. If a cryptographic unit retrieves a private encryption key from a fuse unit, the fuse unit must be up and running before a key may be supplied.",,::SCOPE:Access Control:SCOPE:Confidentiality:SCOPE:Integrity:SCOPE:Availability:SCOPE:Accountability:SCOPE:Authentication:SCOPE:Authorization:SCOPE:Non-Repudiation:IMPACT:Varies by Context::
1281,Sequence of Processor Instructions Leads to Unexpected Behavior,Specific combinations of processor instructions lead to undesirable behavior such as locking the processor until a hard reset performed.,"If the instruction set architecture (ISA) and processor logic are not designed carefully and tested thoroughly, certain combinations of instructions may lead to locking the processor or other unexpected and undesirable behavior. Upon encountering unimplemented instruction opcodes or illegal instruction operands, the processor should throw an exception and carry on without negatively impacting security. However, specific combinations of legal and illegal instructions may cause unexpected behavior with security implications such as allowing unprivileged programs to completely lock the CPU.",,::SCOPE:Integrity:SCOPE:Availability:IMPACT:Varies by Context::
1290,Incorrect Decoding of Security Identifiers ,"The product implements a decoding mechanism to decode certain bus-transaction signals to security identifiers. If the decoding is implemented incorrectly, then untrusted agents can now gain unauthorized access to the asset.","In a System-On-Chip (SoC), various integrated circuits and hardware engines generate transactions such as to access (reads/writes) assets or perform certain actions (e.g., reset, fetch, compute, etc.). Among various types of message information, a typical transaction is comprised of source identity (to identify the originator of the transaction) and a destination identity (to route the transaction to the respective entity). Sometimes the transactions are qualified with a security identifier. The security identifier helps the destination agent decide on the set of allowed actions (e.g., access an asset for read and writes). A decoder decodes the bus transactions to map security identifiers into necessary access-controls/protections. A common weakness that can exist in this scenario is incorrect decoding because an untrusted agent's security identifier is decoded into a trusted agent's security identifier. Thus, an untrusted agent previously without access to an asset can now gain access to the asset.",,::SCOPE:Confidentiality:SCOPE:Integrity:SCOPE:Availability:SCOPE:Access Control:IMPACT:Modify Memory:IMPACT:Read Memory:IMPACT:DoS: Resource Consumption (Other):IMPACT:Execute Unauthorized Code or Commands:IMPACT:Gain Privileges or Assume Identity:IMPACT:Quality Degradation:LIKELIHOOD:High::
1291,Public Key Re-Use for Signing both Debug and Production Code,The same public key is used for signing both debug and production code.,"A common usage of public-key cryptography is to verify the integrity and authenticity of another entity (for example a firmware binary). If a company wants to ensure that its firmware runs only on its own hardware, before the firmware runs, an encrypted hash of the firmware image will be decrypted with the public key and then verified against the now-computed hash of the firmware image. This means that the public key forms the root of trust, which necessitates that the public key itself must be protected and used properly. During the development phase, debug firmware enables many hardware debug hooks, debug modes, and debug messages for testing. Those debug facilities provide significant, additional views about the firmware's capability and, in some cases, additional capability into the chip or SoC. If compromised, these capabilities could be exploited by an attacker to take full control of the system. Once the product exits the manufacturing stage and enters production, it is good practice to use a different public key. Debug firmware images are known to leak. With the debug key being reused as the production key, the debug image will also work on the production image. Thus, it will open all the internal, debug capabilities to the attacker. If a different public key is used for the production image, even if the attacker gains access to the debug firmware image, they will not be able to run it on a production machine. Thus, damage will be limited to the intellectual property leakage resulting from the debug image.",,::SCOPE:Confidentiality:SCOPE:Integrity:SCOPE:Availability:SCOPE:Access Control:SCOPE:Accountability:SCOPE:Authentication:SCOPE:Authorization:SCOPE:Non-Repudiation:SCOPE:Other:IMPACT:Read Memory:IMPACT:Modify Memory:IMPACT:Execute Unauthorized Code or Commands:IMPACT:Gain Privileges or Assume Identity:IMPACT:Varies by Context:LIKELIHOOD:High::
1292,Incorrect Conversion of Security Identifiers,"The product implements a conversion mechanism to map certain bus-transaction signals to security identifiers. However, if the conversion is incorrectly implemented, untrusted agents can gain unauthorized access to the asset.","In a System-On-Chip (SoC), various integrated circuits and hardware engines generate transactions such as to access (reads/writes) assets or perform certain actions (e.g., reset, fetch, compute, etc.). Among various types of message information, a typical transaction is comprised of source identity (to identify the originator of the transaction) and a destination identity (to route the transaction to the respective entity). Sometimes the transactions are qualified with a security identifier. This security identifier helps the destination agent decide on the set of allowed actions (e.g., access an asset for read and writes). A typical bus connects several leader and follower agents. Some follower agents implement bus protocols differently from leader agents. A protocol conversion happens at a bridge to seamlessly connect different protocols on the bus. One example is a system that implements a leader with the Advanced High-performance Bus (AHB) protocol and a follower with the Open-Core Protocol (OCP). A bridge AHB-to-OCP is needed to translate the transaction from one form to the other. A common weakness that can exist in this scenario is that this conversion between protocols is implemented incorrectly, whereupon an untrusted agent may gain unauthorized access to an asset.",,::SCOPE:Confidentiality:SCOPE:Integrity:SCOPE:Availability:SCOPE:Access Control:IMPACT:Modify Memory:IMPACT:Read Memory:IMPACT:DoS: Resource Consumption (Other):IMPACT:Execute Unauthorized Code or Commands:IMPACT:Gain Privileges or Assume Identity:IMPACT:Quality Degradation:LIKELIHOOD:High::
1294,Insecure Security Identifier Mechanism,"The System-on-Chip (SoC) implements a Security Identifier mechanism to differentiate what actions are allowed or disallowed when a transaction originates from an entity. However, the Security Identifiers are not correctly implemented.","Systems-On-Chip (Integrated circuits and hardware engines) implement Security Identifiers to differentiate/identify actions originated from various agents. These actions could be 'read', 'write', 'program', 'reset', 'fetch', 'compute', etc. Security identifiers are generated and assigned to every agent in the System (SoC) that is either capable of generating an action or receiving an action from another agent. Every agent could be assigned a unique, Security Identifier based on its trust level or privileges. A broad class of flaws can exist in the Security Identifier process, including but not limited to missing security identifiers, improper conversion of security identifiers, incorrect generation of security identifiers, etc.",,::SCOPE:Confidentiality:SCOPE:Integrity:SCOPE:Availability:SCOPE:Access Control:IMPACT:Modify Memory:IMPACT:Read Memory:IMPACT:DoS: Resource Consumption (Other):IMPACT:Execute Unauthorized Code or Commands:IMPACT:Gain Privileges or Assume Identity:IMPACT:Quality Degradation:LIKELIHOOD:High::
1295,Debug Messages Revealing Unnecessary Information,The product fails to adequately prevent the revealing of unnecessary and potentially sensitive system information within debugging messages.,"Debug messages are messages that help troubleshoot an issue by revealing the internal state of the system. For example, debug data in design can be exposed through internal memory array dumps or boot logs through interfaces like UART via TAP commands, scan chain, etc. Thus, the more information contained in a debug message, the easier it is to debug. However, there is also the risk of revealing information that could help an attacker either decipher a vulnerability, and/or gain a better understanding of the system. Thus, this extra information could lower the security by obscurity factor. While security by obscurity alone is insufficient, it can help as a part of Defense-in-depth.",,::SCOPE:Confidentiality:SCOPE:Integrity:SCOPE:Availability:SCOPE:Access Control:SCOPE:Accountability:SCOPE:Authentication:SCOPE:Authorization:SCOPE:Non-Repudiation:IMPACT:Read Memory:IMPACT:Bypass Protection Mechanism:IMPACT:Gain Privileges or Assume Identity:IMPACT:Varies by Context:LIKELIHOOD:Medium::
1296,Incorrect Chaining or Granularity of Debug Components,The product's debug components contain incorrect chaining or granularity of debug components.,"For debugging and troubleshooting a chip, several hardware design elements are often implemented, including: Various Test Access Ports (TAPs) allow boundary scan commands to be executed. For scanning the internal components of a chip, there are scan cells that allow the chip to be used as a stimulus and response mechanism. Chipmakers might create custom methods to observe the internal components of their chips by placing various tracing hubs within their chip and creating hierarchical or interconnected structures among those hubs. Logic errors during design or synthesis could misconfigure the interconnection of the debug components, which could allow unintended access permissions.",,"::SCOPE:Confidentiality:SCOPE:Integrity:SCOPE:Access Control:SCOPE:Authentication:SCOPE:Authorization:SCOPE:Availability:SCOPE:Accountability:IMPACT:Gain Privileges or Assume Identity:IMPACT:Bypass Protection Mechanism:IMPACT:Execute Unauthorized Code or Commands:IMPACT:Modify Memory:IMPACT:Modify Files or Directories:LIKELIHOOD:Medium:NOTE:Depending on the access to debug component(s) erroneously granted, an attacker could use the debug component to gain additional understanding about the system to further an attack and/or execute other commands. This could compromise any security property, including the ones listed above.::"
1297,Unprotected Confidential Information on Device is Accessible by OSAT Vendors,The product does not adequately protect confidential information on the device from being accessed by Outsourced Semiconductor Assembly and Test (OSAT) vendors.,"In contrast to complete vertical integration of architecting, designing, manufacturing, assembling, and testing chips all within a single organization, an organization can choose to simply architect and design a chip before outsourcing the rest of the process to OSAT entities (e.g., external foundries and test houses). In the latter example, the device enters an OSAT facility in a much more vulnerable pre-production stage where many debug and test modes are accessible. Therefore, the chipmaker must place a certain level of trust with the OSAT. To counter this, the chipmaker often requires the OSAT partner to enter into restrictive non-disclosure agreements (NDAs). Nonetheless, OSAT vendors likely have many customers, which increases the risk of accidental sharing of information. There may also be a security vulnerability in the information technology (IT) system of the OSAT facility. Alternatively, a malicious insider at the OSAT facility may carry out an insider attack. Considering these factors, it behooves the chipmaker to minimize any confidential information in the device that may be accessible to the OSAT vendor. Logic errors during design or synthesis could misconfigure the interconnection of the debug components, which could provide improper authorization to sensitive information.",,"::SCOPE:Confidentiality:SCOPE:Integrity:SCOPE:Access Control:SCOPE:Authentication:SCOPE:Authorization:SCOPE:Availability:SCOPE:Accountability:SCOPE:Non-Repudiation:IMPACT:Gain Privileges or Assume Identity:IMPACT:Bypass Protection Mechanism:IMPACT:Execute Unauthorized Code or Commands:IMPACT:Modify Memory:IMPACT:Modify Files or Directories:LIKELIHOOD:Medium:NOTE:The impact depends on the confidential information itself and who is inadvertently granted access. For example, if the confidential information is a key that can unlock all the parts of a generation, the impact could be severe.::"
1299,Missing Protection Mechanism for Alternate Hardware Interface,The lack of protections on alternate paths to access control-protected assets (such as unprotected shadow registers and other external facing unguarded interfaces) allows an attacker to bypass existing protections to the asset that are only performed against the primary path.,"An asset inside a chip might have access-control protections through one interface. However, if all paths to the asset are not protected, an attacker might compromise the asset through alternate paths. These alternate paths could be through shadow or mirror registers inside the IP core, or could be paths from other external-facing interfaces to the IP core or SoC. Consider an SoC with various interfaces such as UART, SMBUS, PCIe, USB, etc. If access control is implemented for SoC internal registers only over the PCIe interface, then an attacker could still modify the SoC internal registers through alternate paths by coming through interfaces such as UART, SMBUS, USB, etc. Alternatively, attackers might be able to bypass existing protections by exploiting unprotected, shadow registers. Shadow registers and mirror registers typically refer to registers that can be accessed from multiple addresses. Writing to or reading from the aliased/mirrored address has the same effect as writing to the address of the main register. They are typically implemented within an IP core or SoC to temporarily hold certain data. These data will later be updated to the main register, and both registers will be in synch. If the shadow registers are not access-protected, attackers could simply initiate transactions to the shadow registers and compromise system security.",,::SCOPE:Confidentiality:SCOPE:Integrity:SCOPE:Availability:SCOPE:Access Control:IMPACT:Modify Memory:IMPACT:Read Memory:IMPACT:DoS: Resource Consumption (Other):IMPACT:Execute Unauthorized Code or Commands:IMPACT:Gain Privileges or Assume Identity:IMPACT:Alter Execution Logic:IMPACT:Bypass Protection Mechanism:IMPACT:Quality Degradation:LIKELIHOOD:High::
1302,Missing Source Identifier in Entity Transactions on a System-On-Chip (SOC),The product implements a security identifier mechanism to differentiate what actions are allowed or disallowed when a transaction originates from an entity. A transaction is sent without a security identifier.,"In a System-On-Chip (SoC), various integrated circuits and hardware engines generate transactions such as to access (reads/writes) assets or perform certain actions (e.g., reset, fetch, compute). A typical transaction is comprised of source identity (to identify the originator of the transaction) and a destination identity (to route the transaction to the respective entity) in addition to much more information in the message. Sometimes the transactions are qualified with a Security Identifier. This Security Identifier helps the destination agent decide on the set of allowed or disallowed actions. A weakness that can exist in such transaction schemes is that the source agent does not consistently include the necessary Security Identifier with the transaction. If the Security Identifier is missing, the destination agent might drop the message (resulting in an inadvertent Denial-of-Service (DoS)) or take inappropriate action by default in its attempt to execute the transaction, resulting in privilege escalation or provision of unintended access.",,"::SCOPE:Confidentiality:SCOPE:Integrity:SCOPE:Availability:SCOPE:Access Control:IMPACT:Modify Memory:IMPACT:Read Memory:IMPACT:DoS: Crash, Exit, or Restart:IMPACT:Bypass Protection Mechanism:IMPACT:Execute Unauthorized Code or Commands:LIKELIHOOD:High::"
1313,Hardware Allows Activation of Test or Debug Logic at Runtime,"During runtime, the hardware allows for test or debug logic (feature) to be activated, which allows for changing the state of the hardware. This feature can alter the intended behavior of the system and allow for alteration and leakage of sensitive data by an adversary.","An adversary can take advantage of test or debug logic that is made accessible through the hardware during normal operation to modify the intended behavior of the system. For example, an accessible Test/debug mode may allow read/write access to any system data. Using error injection (a common test/debug feature) during a transmit/receive operation on a bus, data may be modified to produce an unintended message. Similarly, confidentiality could be compromised by such features allowing access to secrets.",,"::SCOPE:Confidentiality:SCOPE:Integrity:SCOPE:Availability:IMPACT:Modify Memory:IMPACT:Read Memory:IMPACT:DoS: Crash, Exit, or Restart:IMPACT:DoS: Instability:IMPACT:DoS: Resource Consumption (CPU):IMPACT:DoS: Resource Consumption (Memory):IMPACT:DoS: Resource Consumption (Other):IMPACT:Execute Unauthorized Code or Commands:IMPACT:Gain Privileges or Assume Identity:IMPACT:Bypass Protection Mechanism:IMPACT:Alter Execution Logic:IMPACT:Quality Degradation:IMPACT:Unexpected State:IMPACT:Reduce Performance:IMPACT:Reduce Reliability::"
1314,Missing Write Protection for Parametric Data Values,"The device does not write-protect the parametric data values for sensors that scale the sensor value, allowing untrusted software to manipulate the apparent result and potentially damage hardware or cause operational failure.","Various sensors are used by hardware to detect any devices operating outside of the design limits. The threshold limit values are set by hardware fuses or trusted software such as the BIOS. These limits may be related to thermal, power, voltage, current, and frequency. Hardware mechanisms may be used to protect against alteration of the threshold limit values by untrusted software. The limit values are generally programmed in standard units for the type of value being read. However, the hardware-sensor blocks may report the settings in different units depending upon sensor design and operation. The raw sensor output value is converted to the desired units using a scale conversion based on the parametric data programmed into the sensor. The final converted value is then compared with the previously programmed limits. While the limit values are usually protected, the sensor parametric data values may not be. By changing the parametric data, safe operational limits may be bypassed.",,"::SCOPE:Availability:IMPACT:Quality Degradation:IMPACT:DoS: Resource Consumption (Other):LIKELIHOOD:High:NOTE:Sensor value manipulation, particularly thermal or power, may allow physical damage to occur or disabling of the device by a false fault shutdown causing a Denial-Of-Service.::"
1317,Improper Access Control in Fabric Bridge,"The product uses a fabric bridge for transactions between two Intellectual Property (IP) blocks, but the bridge does not properly perform the expected privilege, identity, or other access control checks between those IP blocks.","In hardware designs, different IP blocks are connected through interconnect-bus fabrics (e.g. AHB and OCP). Within a System on Chip (SoC), the IP block subsystems could be using different bus protocols. In such a case, the IP blocks are then linked to the central bus (and to other IP blocks) through a fabric bridge. Bridges are used as bus-interconnect-routing modules that link different protocols or separate, different segments of the overall SoC interconnect. For overall system security, it is important that the access-control privileges associated with any fabric transaction are consistently maintained and applied, even when they are routed or translated by a fabric bridge. A bridge that is connected to a fabric without security features forwards transactions to the slave without checking the privilege level of the master and results in a weakness in SoC access-control security. The same weakness occurs if a bridge does not check the hardware identity of the transaction received from the slave interface of the bridge.",,"::SCOPE:Confidentiality:SCOPE:Integrity:SCOPE:Access Control:SCOPE:Availability:IMPACT:DoS: Crash, Exit, or Restart:IMPACT:Bypass Protection Mechanism:IMPACT:Read Memory:IMPACT:Modify Memory:LIKELIHOOD:Medium::"
1318,Missing Support for Security Features in On-chip Fabrics or Buses,"On-chip fabrics or buses either do not support or are not configured to support privilege separation or other security features, such as access control.","Certain on-chip fabrics and buses, especially simple and low-power buses, do not support security features. Apart from data transfer and addressing ports, some fabrics and buses do not have any interfaces to transfer privilege, immutable identity, or any other security attribute coming from the bus master. Similarly, they do not have dedicated signals to transport security-sensitive data from slave to master, such as completions for certain types of transactions. Few other on-chip fabrics and buses support security features and define specific interfaces/signals for transporting security attributes from master to slave or vice-versa. However, including these signals is not mandatory and could be left unconfigured when generating the register-transfer-level (RTL) description for the fabric. Such fabrics or buses should not be used to transport any security attribute coming from the bus master. In general, peripherals with security assets should not be connected to such buses before the transaction from the bus master reaches the bus, unless some form of access control is performed at a fabric bridge or another intermediate module.",,"::SCOPE:Confidentiality:SCOPE:Integrity:SCOPE:Access Control:SCOPE:Availability:IMPACT:DoS: Crash, Exit, or Restart:IMPACT:Read Memory:IMPACT:Modify Memory:LIKELIHOOD:Medium::"
1319,Improper Protection against Electromagnetic Fault Injection (EM-FI),"The device is susceptible to electromagnetic fault injection attacks, causing device internal information to be compromised or security mechanisms to be bypassed.","Electromagnetic fault injection may allow an attacker to locally and dynamically modify the signals (both internal and external) of an integrated circuit. EM-FI attacks consist of producing a local, transient magnetic field near the device, inducing current in the device wires. A typical EMFI setup is made up of a pulse injection circuit that generates a high current transient in an EMI coil, producing an abrupt magnetic pulse which couples to the target producing faults in the device, which can lead to: Bypassing security mechanisms such as secure JTAG or Secure Boot Leaking device information Modifying program flow Perturbing secure hardware modules (e.g. random number generators)",,::SCOPE:Confidentiality:SCOPE:Integrity:SCOPE:Access Control:SCOPE:Availability:IMPACT:Modify Memory:IMPACT:Read Memory:IMPACT:Gain Privileges or Assume Identity:IMPACT:Bypass Protection Mechanism:IMPACT:Execute Unauthorized Code or Commands::
1320,Improper Protection for Outbound Error Messages and Alert Signals,Untrusted agents can disable alerts about signal conditions exceeding limits or the response mechanism that handles such alerts.,"Hardware sensors are used to detect whether a device is operating within design limits. The threshold values for these limits are set by hardware fuses or trusted software such as a BIOS. Modification of these limits may be protected by hardware mechanisms. When device sensors detect out of bound conditions, alert signals may be generated for remedial action, which may take the form of device shutdown or throttling. Warning signals that are not properly secured may be disabled or used to generate spurious alerts, causing degraded performance or denial-of-service (DoS). These alerts may be masked by untrusted software. Examples of these alerts involve thermal and power sensor alerts.",,"::SCOPE:Availability:IMPACT:DoS: Instability:IMPACT:DoS: Crash, Exit, or Restart:IMPACT:Reduce Reliability:IMPACT:Unexpected State:LIKELIHOOD:High::"
1331,Improper Isolation of Shared Resources in Network On Chip (NoC),"The Network On Chip (NoC) does not isolate or incorrectly isolates its on-chip-fabric and internal resources such that they are shared between trusted and untrusted agents, creating timing channels.","Typically, network on chips (NoC) have many internal resources that are shared between packets from different trust domains. These resources include internal buffers, crossbars and switches, individual ports, and channels. The sharing of resources causes contention and introduces interference between differently trusted domains, which poses a security threat via a timing channel, allowing attackers to infer data that belongs to a trusted agent. This may also result in introducing network interference, resulting in degraded throughput and latency.",,::SCOPE:Confidentiality:SCOPE:Availability:IMPACT:DoS: Resource Consumption (Other):IMPACT:Varies by Context:IMPACT:Other:LIKELIHOOD:Medium:NOTE:Attackers may infer data that belongs to a trusted agent. The methods used to perform this attack may result in noticeably increased resource consumption.::
1334,Unauthorized Error Injection Can Degrade Hardware Redundancy,An unauthorized agent can inject errors into a redundant block to deprive the system of redundancy or put the system in a degraded operating mode.,"To ensure the performance and functional reliability of certain components, hardware designers can implement hardware blocks for redundancy in the case that others fail. This redundant block can be prevented from performing as intended if the design allows unauthorized agents to inject errors into it. In this way, a path with injected errors may become unavailable to serve as a redundant channel. This may put the system into a degraded mode of operation which could be exploited by a subsequent attack.",,"::SCOPE:Integrity:SCOPE:Availability:IMPACT:DoS: Crash, Exit, or Restart:IMPACT:DoS: Instability:IMPACT:Quality Degradation:IMPACT:DoS: Resource Consumption (CPU):IMPACT:DoS: Resource Consumption (Memory):IMPACT:DoS: Resource Consumption (Other):IMPACT:Reduce Performance:IMPACT:Reduce Reliability:IMPACT:Unexpected State::"
1338,Improper Protections Against Hardware Overheating,A hardware device is missing or has inadequate protection features to prevent overheating.,"Hardware, electrical circuits, and semiconductor silicon have thermal side effects, such that some of the energy consumed by the device gets dissipated as heat and increases the temperature of the device. For example, in semiconductors, higher-operating frequency of silicon results in higher power dissipation and heat. The leakage current in CMOS circuits increases with temperature, and this creates positive feedback that can result in thermal runaway and damage the device permanently. Any device lacking protections such as thermal sensors, adequate platform cooling, or thermal insulation is susceptible to attacks by malicious software that might deliberately operate the device in modes that result in overheating. This can be used as an effective denial of service (DoS) or permanent denial of service (PDoS) attack. Depending on the type of hardware device and its expected usage, such thermal overheating can also cause safety hazards and reliability issues. Note that battery failures can also cause device overheating but the mitigations and examples included in this submission cannot reliably protect against a battery failure. There can be similar weaknesses with lack of protection from attacks based on overvoltage or overcurrent conditions. However, thermal heat is generated by hardware operation and the device should implement protection from overheating.",,::SCOPE:Availability:IMPACT:DoS: Resource Consumption (Other):LIKELIHOOD:High::
1384,Improper Handling of Physical or Environmental Conditions,The product does not properly handle unexpected physical or environmental conditions that occur naturally or are artificially induced.,"Hardware products are typically only guaranteed to behave correctly within certain physical limits or environmental conditions. Such products cannot necessarily control the physical or external conditions to which they are subjected. However, the inability to handle such conditions can undermine a product's security. For example, an unexpected physical or environmental condition may cause the flipping of a bit that is used for an authentication decision. This unexpected condition could occur naturally or be induced artificially by an adversary. Physical or environmental conditions of concern are: Atmospheric characteristics: extreme temperature ranges, etc. Interference: electromagnetic interference (EMI), radio frequency interference (RFI), etc. Assorted light sources: white light, ultra-violet light (UV), lasers, infrared (IR), etc. Power variances: under-voltages, over-voltages, under-current, over-current, etc. Clock variances: glitching, overclocking, clock stretching, etc. Component aging and degradation Materials manipulation: focused ion beams (FIB), etc. Exposure to radiation: x-rays, cosmic radiation, etc.",,::SCOPE:Confidentiality:SCOPE:Integrity:SCOPE:Availability:IMPACT:Varies by Context:IMPACT:Unexpected State:NOTE:Consequences of this weakness are highly dependent on the role of affected components within the larger product.::
